Workbook

Sheet Campaña
A1: MATRIZ DE CONTROL — CAMPAÑA DE MEDICIONES P.A.T. | B1: MATRIZ DE CONTROL — CAMPAÑA DE MEDICIONES P.A.T. | C1: MATRIZ DE CONTROL — CAMPAÑA DE MEDICIONES P.A.T. | D1: MATRIZ DE CONTROL — CAMPAÑA DE MEDICIONES P.A.T.
A3: Completar esta hoja antes de redactar el informe. Las celdas azules son datos de entrada. | B3: Completar esta hoja antes de redactar el informe. Las celdas azules son datos de entrada. | C3: Completar esta hoja antes de redactar el informe. Las celdas azules son datos de entrada. | D3: Completar esta hoja antes de redactar el informe. Las celdas azules son datos de entrada.
A5: Planta / instalación | B5: [[COMPLETAR]] | D5: Reglas de uso
A6: Área / alcance de campaña | B6: [[COMPLETAR]] | D6: 1. Un ID por punto medido.
A7: Código de informe | B7: [[COMPLETAR]] | D7: 2. Foto legible + foto de ubicación/configuración cuando aplique.
A8: Revisión | B8: [[00]] | D8: 3. La tabla del informe se alimenta solo de filas confirmadas.
A9: Fecha de campaña | D9: 4. Las lecturas no concluyentes no se califican como conformes.
A10: Fecha de emisión | D10: 5. El criterio debe ser específico y trazable.
A11: Personal participante | B11: [[COMPLETAR]] | D11: 6. Ajustar el alcance antes de emitir.
A12: Condición de suelo / clima | B12: [[COMPLETAR]] | D12: 7. Usar nombres de foto que incluyan el ID.
A13: Equipo de medición | B13: Fluke 1625-2 GEO / [[SERIE]] | D13: 8. Revisar la pestaña Control antes de cierre.
A14: Certificado / vigencia | B14: [[COMPLETAR]]
A15: Método predominante | B15: [[COMPLETAR]]
A16: Criterio(s) aplicable(s) y fuente | B16: [[DOCUMENTO / EDICIÓN / CLÁUSULA / VALOR]]
A17: Observaciones generales | B17: [[COMPLETAR]]

Sheet Mediciones
A1: REGISTRO DE MEDICIONES Y EVIDENCIAS | B1: REGISTRO DE MEDICIONES Y EVIDENCIAS | C1: REGISTRO DE MEDICIONES Y EVIDENCIAS | D1: REGISTRO DE MEDICIONES Y EVIDENCIAS | E1: REGISTRO DE MEDICIONES Y EVIDENCIAS | F1: REGISTRO DE MEDICIONES Y EVIDENCIAS | G1: REGISTRO DE MEDICIONES Y EVIDENCIAS | H1: REGISTRO DE MEDICIONES Y EVIDENCIAS | I1: REGISTRO DE MEDICIONES Y EVIDENCIAS | J1: REGISTRO DE MEDICIONES Y EVIDENCIAS | K1: REGISTRO DE MEDICIONES Y EVIDENCIAS | L1: REGISTRO DE MEDICIONES Y EVIDENCIAS | M1: REGISTRO DE MEDICIONES Y EVIDENCIAS
A3: Usar una fila por punto. No modificar las columnas “Estado de datos” ni “Resultado preliminar”; se calculan a partir de los campos de entrada. | B3: Usar una fila por punto. No modificar las columnas “Estado de datos” ni “Resultado preliminar”; se calculan a partir de los campos de entrada. | C3: Usar una fila por punto. No modificar las columnas “Estado de datos” ni “Resultado preliminar”; se calculan a partir de los campos de entrada. | D3: Usar una fila por punto. No modificar las columnas “Estado de datos” ni “Resultado preliminar”; se calculan a partir de los campos de entrada. | E3: Usar una fila por punto. No modificar las columnas “Estado de datos” ni “Resultado preliminar”; se calculan a partir de los campos de entrada. | F3: Usar una fila por punto. No modificar las columnas “Estado de datos” ni “Resultado preliminar”; se calculan a partir de los campos de entrada. | G3: Usar una fila por punto. No modificar las columnas “Estado de datos” ni “Resultado preliminar”; se calculan a partir de los campos de entrada. | H3: Usar una fila por punto. No modificar las columnas “Estado de datos” ni “Resultado preliminar”; se calculan a partir de los campos de entrada. | I3: Usar una fila por punto. No modificar las columnas “Estado de datos” ni “Resultado preliminar”; se calculan a partir de los campos de entrada. | J3: Usar una fila por punto. No modificar las columnas “Estado de datos” ni “Resultado preliminar”; se calculan a partir de los campos de entrada. | K3: Usar una fila por punto. No modificar las columnas “Estado de datos” ni “Resultado preliminar”; se calculan a partir de los campos de entrada. | L3: Usar una fila por punto. No modificar las columnas “Estado de datos” ni “Resultado preliminar”; se calculan a partir de los campos de entrada. | M3: Usar una fila por punto. No modificar las columnas “Estado de datos” ni “Resultado preliminar”; se calculan a partir de los campos de entrada.
A6: ID punto | B6: Activo / electrodo | C6: Ubicación | D6: Método | E6: Lectura R (Ω) | F6: Criterio (Ω) | G6: Fuente del criterio | H6: Foto de lectura | I6: Foto ubicación / configuración | J6: Lectura legible | K6: Método válido | L6: Observaciones | M6: Estado de datos
A7: [[01]] | B7: [[DESCRIPCIÓN]] | C7: [[UBICACIÓN]] | D7: [[MÉTODO]] | G7: [[DOCUMENTO / CLÁUSULA]] | H7: [[P01_lectura.jpg]] | I7: [[P01_config.jpg]] | J7: No | K7: Pendiente | L7: [[OBSERVACIÓN]] | M7: =IF(OR(E7="",F7="",H7="",J7<>"Sí",K7<>"Sí"),"PENDIENTE",IF(E7<=F7,"CONFORME","REVISAR")) -> PENDIENTE
A8: [[02]] | B8: [[DESCRIPCIÓN]] | C8: [[UBICACIÓN]] | D8: [[MÉTODO]] | G8: [[DOCUMENTO / CLÁUSULA]] | H8: [[P02_lectura.jpg]] | I8: [[P02_config.jpg]] | J8: No | K8: Pendiente | L8: [[OBSERVACIÓN]] | M8: =IF(OR(E8="",F8="",H8="",J8<>"Sí",K8<>"Sí"),"PENDIENTE",IF(E8<=F8,"CONFORME","REVISAR")) -> PENDIENTE
A9: [[03]] | B9: [[DESCRIPCIÓN]] | C9: [[UBICACIÓN]] | D9: [[MÉTODO]] | G9: [[DOCUMENTO / CLÁUSULA]] | H9: [[P03_lectura.jpg]] | I9: [[P03_config.jpg]] | J9: No | K9: Pendiente | L9: [[OBSERVACIÓN]] | M9: =IF(OR(E9="",F9="",H9="",J9<>"Sí",K9<>"Sí"),"PENDIENTE",IF(E9<=F9,"CONFORME","REVISAR")) -> PENDIENTE
A10: [[04]] | B10: [[DESCRIPCIÓN]] | C10: [[UBICACIÓN]] | D10: [[MÉTODO]] | G10: [[DOCUMENTO / CLÁUSULA]] | H10: [[P04_lectura.jpg]] | I10: [[P04_config.jpg]] | J10: No | K10: Pendiente | L10: [[OBSERVACIÓN]] | M10: =IF(OR(E10="",F10="",H10="",J10<>"Sí",K10<>"Sí"),"PENDIENTE",IF(E10<=F10,"CONFORME","REVISAR")) -> PENDIENTE
A11: [[05]] | B11: [[DESCRIPCIÓN]] | C11: [[UBICACIÓN]] | D11: [[MÉTODO]] | G11: [[DOCUMENTO / CLÁUSULA]] | H11: [[P05_lectura.jpg]] | I11: [[P05_config.jpg]] | J11: No | K11: Pendiente | L11: [[OBSERVACIÓN]] | M11: =IF(OR(E11="",F11="",H11="",J11<>"Sí",K11<>"Sí"),"PENDIENTE",IF(E11<=F11,"CONFORME","REVISAR")) -> PENDIENTE
A12: [[06]] | B12: [[DESCRIPCIÓN]] | C12: [[UBICACIÓN]] | D12: [[MÉTODO]] | G12: [[DOCUMENTO / CLÁUSULA]] | H12: [[P06_lectura.jpg]] | I12: [[P06_config.jpg]] | J12: No | K12: Pendiente | L12: [[OBSERVACIÓN]] | M12: =IF(OR(E12="",F12="",H12="",J12<>"Sí",K12<>"Sí"),"PENDIENTE",IF(E12<=F12,"CONFORME","REVISAR")) -> PENDIENTE
A13: [[07]] | B13: [[DESCRIPCIÓN]] | C13: [[UBICACIÓN]] | D13: [[MÉTODO]] | G13: [[DOCUMENTO / CLÁUSULA]] | H13: [[P07_lectura.jpg]] | I13: [[P07_config.jpg]] | J13: No | K13: Pendiente | L13: [[OBSERVACIÓN]] | M13: =IF(OR(E13="",F13="",H13="",J13<>"Sí",K13<>"Sí"),"PENDIENTE",IF(E13<=F13,"CONFORME","REVISAR")) -> PENDIENTE
A14: [[08]] | B14: [[DESCRIPCIÓN]] | C14: [[UBICACIÓN]] | D14: [[MÉTODO]] | G14: [[DOCUMENTO / CLÁUSULA]] | H14: [[P08_lectura.jpg]] | I14: [[P08_config.jpg]] | J14: No | K14: Pendiente | L14: [[OBSERVACIÓN]] | M14: =IF(OR(E14="",F14="",H14="",J14<>"Sí",K14<>"Sí"),"PENDIENTE",IF(E14<=F14,"CONFORME","REVISAR")) -> PENDIENTE
A15: [[09]] | B15: [[DESCRIPCIÓN]] | C15: [[UBICACIÓN]] | D15: [[MÉTODO]] | G15: [[DOCUMENTO / CLÁUSULA]] | H15: [[P09_lectura.jpg]] | I15: [[P09_config.jpg]] | J15: No | K15: Pendiente | L15: [[OBSERVACIÓN]] | M15: =IF(OR(E15="",F15="",H15="",J15<>"Sí",K15<>"Sí"),"PENDIENTE",IF(E15<=F15,"CONFORME","REVISAR")) -> PENDIENTE
A16: [[10]] | B16: [[DESCRIPCIÓN]] | C16: [[UBICACIÓN]] | D16: [[MÉTODO]] | G16: [[DOCUMENTO / CLÁUSULA]] | H16: [[P10_lectura.jpg]] | I16: [[P10_config.jpg]] | J16: No | K16: Pendiente | L16: [[OBSERVACIÓN]] | M16: =IF(OR(E16="",F16="",H16="",J16<>"Sí",K16<>"Sí"),"PENDIENTE",IF(E16<=F16,"CONFORME","REVISAR")) -> PENDIENTE
A17: [[11]] | B17: [[DESCRIPCIÓN]] | C17: [[UBICACIÓN]] | D17: [[MÉTODO]] | G17: [[DOCUMENTO / CLÁUSULA]] | H17: [[P11_lectura.jpg]] | I17: [[P11_config.jpg]] | J17: No | K17: Pendiente | L17: [[OBSERVACIÓN]] | M17: =IF(OR(E17="",F17="",H17="",J17<>"Sí",K17<>"Sí"),"PENDIENTE",IF(E17<=F17,"CONFORME","REVISAR")) -> PENDIENTE
A18: [[12]] | B18: [[DESCRIPCIÓN]] | C18: [[UBICACIÓN]] | D18: [[MÉTODO]] | G18: [[DOCUMENTO / CLÁUSULA]] | H18: [[P12_lectura.jpg]] | I18: [[P12_config.jpg]] | J18: No | K18: Pendiente | L18: [[OBSERVACIÓN]] | M18: =IF(OR(E18="",F18="",H18="",J18<>"Sí",K18<>"Sí"),"PENDIENTE",IF(E18<=F18,"CONFORME","REVISAR")) -> PENDIENTE
... A46: [[40]] | B46: [[DESCRIPCIÓN]] | C46: [[UBICACIÓN]] | D46: [[MÉTODO]] | G46: [[DOCUMENTO / CLÁUSULA]] | H46: [[P40_lectura.jpg]] | I46: [[P40_config.jpg]] | J46: No | K46: Pendiente | L46: [[OBSERVACIÓN]] | M46: =IF(OR(E46="",F46="",H46="",J46<>"Sí",K46<>"Sí"),"PENDIENTE",IF(E46<=F46,"CONFORME","REVISAR")) -> PENDIENTE

Sheet Control
A1: CONTROL DE CALIDAD PREVIO A EMISIÓN | B1: CONTROL DE CALIDAD PREVIO A EMISIÓN | C1: CONTROL DE CALIDAD PREVIO A EMISIÓN | D1: CONTROL DE CALIDAD PREVIO A EMISIÓN
A3: La emisión queda bloqueada si persisten pendientes o si los elementos de trazabilidad no están completos. | B3: La emisión queda bloqueada si persisten pendientes o si los elementos de trazabilidad no están completos. | C3: La emisión queda bloqueada si persisten pendientes o si los elementos de trazabilidad no están completos. | D3: La emisión queda bloqueada si persisten pendientes o si los elementos de trazabilidad no están completos.
A5: Indicador | B5: Valor | D5: Lista de cierre
A6: Filas con lectura cargada | B6: =COUNT(Mediciones!E7:E46) -> 0 | D6: ☐ Metadatos de campaña completos.
A7: Filas conformes | B7: =COUNTIF(Mediciones!M7:M46,"CONFORME") -> 0 | D7: ☐ Alcance reconciliado con IDs.
A8: Filas por revisar | B8: =COUNTIF(Mediciones!M7:M46,"REVISAR") -> 0 | D8: ☐ Fotos y lectura identificadas.
A9: Filas pendientes | B9: =COUNTIF(Mediciones!M7:M46,"PENDIENTE") -> 40 | D9: ☐ Método y condiciones de validez documentados.
A10: Promedio de lecturas válidas | B10: =IFERROR(AVERAGEIF(Mediciones!M7:M46,"CONFORME",Mediciones!E7:E46),"") | D10: ☐ Criterio y fuente precisos.
A11: Máximo de lecturas válidas | B11: =IFERROR(_xludf.MAXIFS(Mediciones!E7:E46,Mediciones!M7:M46,"CONFORME"),"") | D11: ☐ Pendientes visibles en el informe.
A12: Estado de emisión | B12: =IF(B9>0,"NO EMITIR: HAY PENDIENTES",IF(B8>0,"REVISAR HALLAZGOS","LISTO PARA REVISIÓN TÉCNICA")) -> NO EMITIR: HAY PENDIENTES | D12: ☐ Conclusiones limitadas a evidencia.
D13: ☐ Revisión técnica y firma pendientes.
